{"Factor":0.44999998807907104,"IsBlending":false,"PresetOne":[0.5907335877418518,0.26001399755477905,0.26001399755477905,1.0],"PresetTwo":[0.01492226216942072,0.2773149013519287,0.35135138034820557,1.0]}