{"Factor":0.45500001311302185,"IsBlending":true,"PresetOne":[0.3320463299751282,0.5143229961395264,1.0,1.0],"PresetTwo":[0.0,0.6332046389579773,0.06845451146364212,1.0]}