{"Factor":0.17499999701976776,"IsBlending":false,"PresetOne":[0.3320463299751282,0.5143229961395264,1.0,1.0],"PresetTwo":[0.2393798679113388,0.2393811047077179,0.23938226699829102,1.0]}