{"Factor":0.36500000953674316,"IsBlending":true,"PresetOne":[0.7335907220840454,0.18127337098121643,0.18127337098121643,1.0],"PresetTwo":[0.22007721662521362,0.14870081841945648,0.14870081841945648,1.0]}