{"CameraSpeed":5.0,"ClearColor":[0.15057915449142456,0.1401141881942749,0.1401141881942749,1.0],"TimeScale":1.0}