{"CameraSpeed":5.0,"ClearColor":[0.11583012342453003,0.11583012342453003,0.11583012342453003,1.0],"TimeScale":1.0}