{"AutoSave":true,"CameraSpeed":5.0,"ClearColor":[0.12355214357376099,0.1235509067773819,0.1235509067773819,1.0],"PresetName":"sdf","TimeScale":1.0}