{"CameraSpeed":5.0,"ClearColor":[0.1235516294836998,0.1235509067773819,0.12355214357376099,1.0],"TimeScale":1.0}