{"CameraSpeed":5.0,"ClearColor":[0.2393798679113388,0.2393811047077179,0.23938226699829102,1.0],"PresetName":"k","TimeScale":1.0}