{"CameraSpeed":5.0,"ClearColor":[9.999899930335232e-07,9.999947678807075e-07,9.999999974752427e-07,1.0],"TimeScale":1.0}