{"AutoSave":true,"CameraSpeed":25.0,"ClearColor":[0.5461583137512207,0.16938439011573792,0.16938439011573792,1.0],"PresetName":"Blend","TimeScale":1.0}