{"CameraSpeed":5.0,"ClearColor":[0.20847444236278534,0.0,0.35000064969062805,1.0],"TimeScale":1.0}